[{"@type":"dssTask","id":"@1","name":"Synchronization Task4","description":"","maxLogs":10,"sourceConnectionId":"@aqDpgYHi8hRln802F2SGIO","targetConnectionId":"@aqDpgYHi8hRln802F2SGIO","targetObject":"EMP1","targetObjectLabel":"EMP1","operation":"Insert","maxRows":0,"truncateTarget":false,"bulkApiDBTarget":false,"verbose":false,"targetMetadataUpdated":false,"modelVersion":"V3-R600","queryAll":false,"srcSettings":{"@type":"taskDataSourceSetting","isShowLabels":false,"isNaturalOrder":true},"tgtSettings":{"@type":"taskDataSourceSetting","isShowLabels":false,"isNaturalOrder":true},"cfSettings":{"@type":"taskDataSourceSetting","isShowLabels":false,"isNaturalOrder":true},"bulkApi":false,"bulkApiSerialMode":false,"bulkApiMonitor":false,"isTargetObjectSfCustom":false,"allowNullUpdates":false,"targetBatchSize":200,"assignmentRuleId":"-1","assignmentRuleType":"None","createSuccessFile":false,"bulkApiHardDelete":false,"parameterFileEncoding":"UTF-8","serverlessProperties":{},"sourceObjects":[{"@type":"mObject","name":"EMP","label":"EMP","metadataUpdated":false,"relations":[],"children":[]}],"advancedFilters":[],"filters":[],"fieldMaps":[{"@type":"fieldMap","id":"22629866","targetField":{"@type":"field","id":150257814,"name":"EMPNO","type":"decimal","uniqueName":"EMPNO","label":"EMPNO","parentObject":"EMP1","pcType":"HIPRECDECIMAL","precision":4,"scale":0,"columnIndex":0,"isKey":false,"isWaterMarkKey":false,"isExternalId":false,"isSfIdLookup":false,"isNullable":true,"isUnique":false,"isCreateable":false,"isUpdateable":true,"isFilterable":true,"isCalculated":false,"filterType":"DOUBLE","showLabel":false,"naturalOrder":0,"typeConfigFields":[],"typeConfigProperties":{},"linkedFields":["EMPNO"],"relatedInfos":[],"references":[]},"expression":"EMPNO"},{"@type":"fieldMap","id":"22629867","targetField":{"@type":"field","id":150257815,"name":"ENAME","type":"varchar","uniqueName":"ENAME","label":"ENAME","parentObject":"EMP1","pcType":"STRING","precision":10,"scale":0,"columnIndex":1,"isKey":false,"isWaterMarkKey":false,"isExternalId":false,"isSfIdLookup":false,"isNullable":true,"isUnique":false,"isCreateable":false,"isUpdateable":true,"isFilterable":true,"isCalculated":false,"filterType":"STRING","showLabel":false,"naturalOrder":1,"typeConfigFields":[],"typeConfigProperties":{},"linkedFields":["ENAME"],"relatedInfos":[],"references":[]},"expression":"ENAME"},{"@type":"fieldMap","id":"22629868","targetField":{"@type":"field","id":150257816,"name":"JOB","type":"varchar","uniqueName":"JOB","label":"JOB","parentObject":"EMP1","pcType":"STRING","precision":9,"scale":0,"columnIndex":2,"isKey":false,"isWaterMarkKey":false,"isExternalId":false,"isSfIdLookup":false,"isNullable":true,"isUnique":false,"isCreateable":false,"isUpdateable":true,"isFilterable":true,"isCalculated":false,"filterType":"STRING","showLabel":false,"naturalOrder":2,"typeConfigFields":[],"typeConfigProperties":{},"linkedFields":["JOB"],"relatedInfos":[],"references":[]},"expression":"JOB"},{"@type":"fieldMap","id":"22629869","targetField":{"@type":"field","id":150257817,"name":"MGR","type":"decimal","uniqueName":"MGR","label":"MGR","parentObject":"EMP1","pcType":"HIPRECDECIMAL","precision":4,"scale":0,"columnIndex":3,"isKey":false,"isWaterMarkKey":false,"isExternalId":false,"isSfIdLookup":false,"isNullable":true,"isUnique":false,"isCreateable":false,"isUpdateable":true,"isFilterable":true,"isCalculated":false,"filterType":"DOUBLE","showLabel":false,"naturalOrder":3,"typeConfigFields":[],"typeConfigProperties":{},"linkedFields":["MGR"],"relatedInfos":[],"references":[]},"expression":"MGR"},{"@type":"fieldMap","id":"22629870","targetField":{"@type":"field","id":150257818,"name":"HIREDATE","type":"timestamp","uniqueName":"HIREDATE","label":"HIREDATE","parentObject":"EMP1","pcType":"DATE","precision":23,"scale":3,"columnIndex":4,"isKey":false,"isWaterMarkKey":false,"isExternalId":false,"isSfIdLookup":false,"isNullable":true,"isUnique":false,"isCreateable":false,"isUpdateable":true,"isFilterable":true,"isCalculated":false,"filterType":"DATETIME","showLabel":false,"naturalOrder":4,"typeConfigFields":[],"typeConfigProperties":{},"linkedFields":["HIREDATE"],"relatedInfos":[],"references":[]},"expression":"HIREDATE"},{"@type":"fieldMap","id":"22629871","targetField":{"@type":"field","id":150257819,"name":"SAL","type":"decimal","uniqueName":"SAL","label":"SAL","parentObject":"EMP1","pcType":"HIPRECDECIMAL","precision":7,"scale":2,"columnIndex":5,"isKey":false,"isWaterMarkKey":false,"isExternalId":false,"isSfIdLookup":false,"isNullable":true,"isUnique":false,"isCreateable":false,"isUpdateable":true,"isFilterable":true,"isCalculated":false,"filterType":"DOUBLE","showLabel":false,"naturalOrder":5,"typeConfigFields":[],"typeConfigProperties":{},"linkedFields":["SAL"],"relatedInfos":[],"references":[]},"expression":"SAL"},{"@type":"fieldMap","id":"22629872","targetField":{"@type":"field","id":150257820,"name":"COMM","type":"decimal","uniqueName":"COMM","label":"COMM","parentObject":"EMP1","pcType":"HIPRECDECIMAL","precision":7,"scale":2,"columnIndex":6,"isKey":false,"isWaterMarkKey":false,"isExternalId":false,"isSfIdLookup":false,"isNullable":true,"isUnique":false,"isCreateable":false,"isUpdateable":true,"isFilterable":true,"isCalculated":false,"filterType":"DOUBLE","showLabel":false,"naturalOrder":6,"typeConfigFields":[],"typeConfigProperties":{},"linkedFields":["COMM"],"relatedInfos":[],"references":[]},"expression":"COMM"},{"@type":"fieldMap","id":"22629873","targetField":{"@type":"field","id":150257821,"name":"DEPTNO","type":"decimal","uniqueName":"DEPTNO","label":"DEPTNO","parentObject":"EMP1","pcType":"HIPRECDECIMAL","precision":2,"scale":0,"columnIndex":7,"isKey":false,"isWaterMarkKey":false,"isExternalId":false,"isSfIdLookup":false,"isNullable":true,"isUnique":false,"isCreateable":false,"isUpdateable":true,"isFilterable":true,"isCalculated":false,"filterType":"DOUBLE","showLabel":false,"naturalOrder":7,"typeConfigFields":[],"typeConfigProperties":{},"linkedFields":["DEPTNO"],"relatedInfos":[],"references":[]},"expression":"DEPTNO"}],"sourceFields":[{"@type":"field","id":150257822,"name":"EMPNO","type":"decimal","uniqueName":"EMPNO","label":"EMPNO","parentObject":"EMP","pcType":"HIPRECDECIMAL","precision":4,"scale":0,"columnIndex":0,"isKey":false,"isWaterMarkKey":false,"isExternalId":false,"isSfIdLookup":false,"isNullable":true,"isUnique":false,"isCreateable":false,"isUpdateable":true,"isFilterable":true,"isCalculated":false,"filterType":"DOUBLE","showLabel":false,"naturalOrder":0,"typeConfigFields":[],"typeConfigProperties":{},"linkedFields":["EMPNO"],"relatedInfos":[],"references":[]},{"@type":"field","id":150257823,"name":"ENAME","type":"varchar","uniqueName":"ENAME","label":"ENAME","parentObject":"EMP","pcType":"STRING","precision":10,"scale":0,"columnIndex":1,"isKey":false,"isWaterMarkKey":false,"isExternalId":false,"isSfIdLookup":false,"isNullable":true,"isUnique":false,"isCreateable":false,"isUpdateable":true,"isFilterable":true,"isCalculated":false,"filterType":"STRING","showLabel":false,"naturalOrder":1,"typeConfigFields":[],"typeConfigProperties":{},"linkedFields":["ENAME"],"relatedInfos":[],"references":[]},{"@type":"field","id":150257824,"name":"JOB","type":"varchar","uniqueName":"JOB","label":"JOB","parentObject":"EMP","pcType":"STRING","precision":9,"scale":0,"columnIndex":2,"isKey":false,"isWaterMarkKey":false,"isExternalId":false,"isSfIdLookup":false,"isNullable":true,"isUnique":false,"isCreateable":false,"isUpdateable":true,"isFilterable":true,"isCalculated":false,"filterType":"STRING","showLabel":false,"naturalOrder":2,"typeConfigFields":[],"typeConfigProperties":{},"linkedFields":["JOB"],"relatedInfos":[],"references":[]},{"@type":"field","id":150257825,"name":"MGR","type":"decimal","uniqueName":"MGR","label":"MGR","parentObject":"EMP","pcType":"HIPRECDECIMAL","precision":4,"scale":0,"columnIndex":3,"isKey":false,"isWaterMarkKey":false,"isExternalId":false,"isSfIdLookup":false,"isNullable":true,"isUnique":false,"isCreateable":false,"isUpdateable":true,"isFilterable":true,"isCalculated":false,"filterType":"DOUBLE","showLabel":false,"naturalOrder":3,"typeConfigFields":[],"typeConfigProperties":{},"linkedFields":["MGR"],"relatedInfos":[],"references":[]},{"@type":"field","id":150257826,"name":"HIREDATE","type":"timestamp","uniqueName":"HIREDATE","label":"HIREDATE","parentObject":"EMP","pcType":"DATE","precision":23,"scale":3,"columnIndex":4,"isKey":false,"isWaterMarkKey":false,"isExternalId":false,"isSfIdLookup":false,"isNullable":true,"isUnique":false,"isCreateable":false,"isUpdateable":true,"isFilterable":true,"isCalculated":false,"filterType":"DATETIME","showLabel":false,"naturalOrder":4,"typeConfigFields":[],"typeConfigProperties":{},"linkedFields":["HIREDATE"],"relatedInfos":[],"references":[]},{"@type":"field","id":150257827,"name":"SAL","type":"decimal","uniqueName":"SAL","label":"SAL","parentObject":"EMP","pcType":"HIPRECDECIMAL","precision":7,"scale":2,"columnIndex":5,"isKey":false,"isWaterMarkKey":false,"isExternalId":false,"isSfIdLookup":false,"isNullable":true,"isUnique":false,"isCreateable":false,"isUpdateable":true,"isFilterable":true,"isCalculated":false,"filterType":"DOUBLE","showLabel":false,"naturalOrder":5,"typeConfigFields":[],"typeConfigProperties":{},"linkedFields":["SAL"],"relatedInfos":[],"references":[]},{"@type":"field","id":150257828,"name":"COMM","type":"decimal","uniqueName":"COMM","label":"COMM","parentObject":"EMP","pcType":"HIPRECDECIMAL","precision":7,"scale":2,"columnIndex":6,"isKey":false,"isWaterMarkKey":false,"isExternalId":false,"isSfIdLookup":false,"isNullable":true,"isUnique":false,"isCreateable":false,"isUpdateable":true,"isFilterable":true,"isCalculated":false,"filterType":"DOUBLE","showLabel":false,"naturalOrder":6,"typeConfigFields":[],"typeConfigProperties":{},"linkedFields":["COMM"],"relatedInfos":[],"references":[]},{"@type":"field","id":150257829,"name":"DEPTNO","type":"decimal","uniqueName":"DEPTNO","label":"DEPTNO","parentObject":"EMP","pcType":"HIPRECDECIMAL","precision":2,"scale":0,"columnIndex":7,"isKey":false,"isWaterMarkKey":false,"isExternalId":false,"isSfIdLookup":false,"isNullable":true,"isUnique":false,"isCreateable":false,"isUpdateable":true,"isFilterable":true,"isCalculated":false,"filterType":"DOUBLE","showLabel":false,"naturalOrder":7,"typeConfigFields":[],"typeConfigProperties":{},"linkedFields":["DEPTNO"],"relatedInfos":[],"references":[]}],"sortFields":[],"groupFields":[]}]