[{"@type":"mappingTemplate","id":"@1","name":"MCT_SHARED_SEQ2","description":"","bundleVersion":"0","assetFrsGuid":"5naUjIyvdMUgPzymH312uy","templateId":"@3","deployTime":1724761849000,"hasParameters":false,"valid":true,"fixedConnection":true,"hasParametersDeployed":false,"fixedConnectionDeployed":true,"isSchemaValidationEnabled":false,"tasks":1,"mappingPreviewFileRecordId":"@2","documentType":"MAPPING","references":[{"@type":"reference","refObjectId":"@30bRI9YTX9fjhuhEVbktaU","refType":"connection"},{"@type":"reference","refObjectId":"@c4ATqTV4pEngmDoBcsWoEB","refType":"sequenceGen"}]}]