[{"@type":"mappingTemplate","id":"@1","name":"MCT_SHARED_SEQ","description":"","bundleVersion":"0","assetFrsGuid":"0UALnx9rW4Af8wJyNekhub","templateId":"@3","deployTime":1724762004000,"hasParameters":false,"valid":true,"fixedConnection":true,"hasParametersDeployed":false,"fixedConnectionDeployed":true,"isSchemaValidationEnabled":false,"tasks":1,"mappingPreviewFileRecordId":"@2","documentType":"MAPPING","references":[{"@type":"reference","refObjectId":"@30bRI9YTX9fjhuhEVbktaU","refType":"connection"},{"@type":"reference","refObjectId":"@g2DGejgWhacejcQlxjilSD","refType":"sequenceGen"}]}]